Model,Best Threshold,Accuracy,Precision,Recall,F1 Score
Logistic Regression,0.8899999999999996,0.953987167736022,0.336,0.4970414201183432,0.4009546539379475
Random Forest,0.5099999999999998,0.9429880843263061,0.2874251497005988,0.5680473372781065,0.3817097415506958
Gradient Boosting,0.8399999999999996,0.9530705774518791,0.3333333333333333,0.514792899408284,0.4046511627906977
MLP,0.5599999999999997,0.9429880843263061,0.278125,0.5266272189349113,0.36400817995910023
Bagging,0.5099999999999998,0.9409715857011915,0.2756598240469208,0.5562130177514792,0.3686274509803922
Decision Tree,0.1,0.9248395967002749,0.20823244552058112,0.5088757396449705,0.29553264604810997
